factor,0,1,2,3,4
0,0.305004268902,0.0221359316107,0.210626559595,0.0447745600789,0.00793358045204
