factor,v1,v2,v3,v4,v5
0,0.84586048965,0.84586048965,0.84586048965,-0.0,-0.0
1,-0.0,-0.0,-0.0,0.905277740446,0.905277740446
